COMPANY: SHIVARA STUDIOS,,,,,,,
,,,,,,,
Submissions,Count,,,,,,
Blog Backlink,3,,,,,,
Article Backlink,1,,,,,,
Directory Backlink,2,,,,,,
Business Profile Submission,3,,,,,,
Image Backlink,3,,,,,,
Infographics Backlink,2,,,,,,
Video Backlinks,2,,,,,,
PPT Backlinks,2,,,,,,
PDF Backlink,2,,,,,,
FAQ / Q&A Backlinks,1,,,,,,
Social Bookmarking,4,,,,,,
Total,25,,,,,,
,,,,,,,
Category,Submissions,DA,PA,Spam Score,Monthly Traffic,Links,
Blog Backlink,www.blogspot.com,70,67,1%,4.5k,https://shivarastudios.blogspot.com/2025/12/how-3d-visualization-helps-you-see-your.html,
,https://medium.com/,95,85,1%,25M,https://medium.com/@shivarastudios/step-by-step-interior-design-process-from-concept-to-completion-0bb24f5ac649,
,https://www.quora.com/,93,80,10%,113.8M,https://qr.ae/pC9eCf,
,,,,,,,
Article Backlink,https://www.linkedin.com/,99,100,1%,72.9M,https://www.linkedin.com/pulse/simple-interior-design-tips-improve-home-aesthetics-shivara-studios-bdlff,
,,,,,,,
Directory Backlink,https://www.freelistingindia.in/,42,49,2%,743,https://www.freelistingindia.in/listings/shivara-studio,
,https://www.justdial.com/,79,62,-1%,36.8M,https://jsdl.in/DT-43Y35ZZBG9R,
,,,,,,,
Business Profile Submission,https://business.google.com/,93,75,-1%,2.1M,https://share.google/ivXH5qKIYoVevIGl8,
,https://zumvu.com/,53,55,1%,1.4K,https://zumvu.com/shivarastudios/,
,https://www.linkedin.com/,99,100,1%,72.9M,https://www.linkedin.com/company/shivara-studios/,
,,,,,,,
Image Backlink,https://500px.com/,84,78,11%,544.2K,https://500px.com/photo/1119732824/modern-living-room-interior-design-with-natural-light-and-elegant-decor-by-shivara-studios,
,https://www.pexels.com/,93,81,4%,27.3M,https://www.pexels.com/photo/35443238/,
,https://unsplash.com/,93,87,7%,17M,https://unsplash.com/photos/31mxg8IG1aQ,
,,,,,,,
Infographics Backlink,https://www.4shared.com/,94,78,5%,121.8k,https://www.4shared.com/s/fc7G1RzeZge,
,https://www.diigo.com/,91,76,2%,19.4k,https://diigo.com/011mr3l,
,,,,,,,
,,,,,,,
Video Backlinks,https://vimeo.com/,96,96,3%,3M,https://vimeo.com/1150346879?share=copy&fl=sv&fe=ci#t=15,
,https://www.pixabay.com/,94,77,4%,17.9M,https://pixabay.com/videos/interior-design-visualization-3d-324994/,
,,,,,,,
PPT Backlinks,https://www.slideshare.net/,94,86,2%,12.3M,https://www.slideshare.net/slideshow/designing-elegant-spaces-with-shivara-studios/284890148,
,https://issuu.com/,94,83,2%,837.7k,https://issuu.com/shivarastudios/docs/designing-elegant-spaces-that-reflect-your-lifesty,
,,,,,,,
PDF Backlink,https://www.scribd.com/,94,81,3%,47.4M,https://www.scribd.com/document/973661725/Shivara-Studios,
,https://www.dropbox.com/,95,85,1%,5.8M,https://www.dropbox.com/scl/fi/575815yz7oruo870tchby/Shivara-pdf.pdf?rlkey=kyjezz0p5z4fwk9ib5qj7e8tg&st=162eqfie&dl=0,
,,,,,,,
FAQ / Q&A Backlinks,https://www.quora.com/,93,80,10%,113.8M,https://qr.ae/pC9mHp,
,,,,,,,
Social Bookmarking,https://www.scoop.it/,92,74,5%,126.7k,https://sco.lt/6PwVN2,
,https://flipboard.com/,91,74,8%,19.8k,,
,https://www.pinterest.com/,94,86,7%,66.8M,https://pin.it/4EJNSTICQ,
,https://www.diigo.com/,91,76,2%,19.4k,https://diigo.com/011mqn5,
,,,,,,,
,,,,,,,
,,,,,,,
